TargetClearRate,ActualClearRate,ErrorRate,Cooldown,Entropy,Weight1,Weight2,Weight3,Weight4
0.5,0.04,0.46,0.8882806,1.490483,0.36,0.01,0.48,0.15
0.5,0.15,0.35,1,1.814774,0.37,0.07,0.33,0.23
0.5,0.48,0.02000001,1.228,1.468042,0.49,0.00,0.34,0.17
